{
  "mean_pcc": 0.21644149720668793,
  "per_gene_pcc": [
    -0.44670408964157104,
    0.18766504526138306,
    0.22945477068424225,
    0.2952954173088074,
    0.2270076721906662,
    0.2126513570547104,
    0.2611940801143646,
    0.28000664710998535,
    0.2797066867351532,
    0.22965247929096222,
    -0.311970055103302,
    0.19997946918010712,
    -0.29922741651535034,
    0.28631463646888733,
    0.24529744684696198,
    0.30262184143066406,
    0.26380231976509094,
    0.18081584572792053,
    0.2761693000793457,
    0.10620151460170746,
    0.29131007194519043,
    0.2831154465675354,
    0.20695430040359497,
    0.2616775631904602,
    0.31926625967025757,
    0.2765505313873291,
    0.27337580919265747,
    0.2048596292734146,
    0.1337464451789856,
    0.05021771788597107,
    0.26515692472457886,
    0.3436528742313385,
    0.26924437284469604,
    0.2830798029899597,
    0.26440364122390747,
    0.2923247218132019,
    0.06746591627597809,
    0.26709043979644775,
    0.30532538890838623,
    0.3349001407623291,
    0.22290268540382385,
    0.24838659167289734,
    0.2529323101043701,
    0.24616098403930664,
    0.23172162473201752,
    0.24417893588542938,
    0.27141261100769043,
    0.24702805280685425,
    -0.06945695728063583,
    0.32397380471229553,
    0.257107138633728,
    -0.0821261778473854,
    0.08232798427343369,
    0.2264270782470703,
    0.25645262002944946,
    0.25555816292762756,
    0.2599638104438782,
    0.22701554000377655,
    0.269625723361969,
    0.30540522933006287,
    0.22177474200725555,
    0.26528769731521606,
    0.2704628109931946,
    0.24156272411346436,
    0.23116479814052582,
    0.2960348129272461,
    0.2990049719810486,
    0.22612352669239044,
    0.2765330672264099,
    0.2810899615287781,
    0.23155254125595093,
    0.29665279388427734,
    0.2237682342529297,
    0.18187645077705383,
    0.25616055727005005,
    0.25286436080932617,
    0.21518096327781677,
    -0.05710246413946152,
    0.27102988958358765,
    0.24175302684307098,
    0.21745683252811432,
    0.24288195371627808,
    0.24693641066551208,
    0.2438032031059265,
    0.2366465926170349,
    0.24429017305374146,
    0.2127220332622528,
    0.249210387468338,
    0.2714705765247345,
    0.21222224831581116,
    0.22457431256771088,
    0.20786282420158386,
    0.2650046646595001,
    0.22586145997047424,
    0.18675026297569275,
    0.2062663584947586,
    0.23372448980808258,
    0.20878346264362335,
    0.26821762323379517,
    0.24003514647483826
  ]
}