{
  "mean_pcc": 0.21117959916591644,
  "per_gene_pcc": [
    -0.4611172378063202,
    0.194406658411026,
    0.24218767881393433,
    0.2855323553085327,
    0.2288801670074463,
    0.21206296980381012,
    0.25686168670654297,
    0.2790999412536621,
    0.2856638431549072,
    0.23728513717651367,
    -0.3252451419830322,
    0.20111364126205444,
    -0.3088715076446533,
    0.27287596464157104,
    0.23926356434822083,
    0.30440717935562134,
    0.272516131401062,
    0.17583395540714264,
    0.28174567222595215,
    0.1040346771478653,
    0.2847291827201843,
    0.270600825548172,
    0.20600484311580658,
    0.26699507236480713,
    0.30999141931533813,
    0.25746139883995056,
    0.2691054940223694,
    0.18262457847595215,
    0.12904271483421326,
    0.03818219155073166,
    0.2489299327135086,
    0.3357704281806946,
    0.2639079689979553,
    0.27083620429039,
    0.2565235197544098,
    0.2773199677467346,
    0.07088931649923325,
    0.254567414522171,
    0.2960908114910126,
    0.32700544595718384,
    0.22724711894989014,
    0.23132827877998352,
    0.2529703378677368,
    0.2360588014125824,
    0.22131949663162231,
    0.2369360625743866,
    0.2774537205696106,
    0.23995977640151978,
    -0.08112046122550964,
    0.3282927870750427,
    0.24526631832122803,
    -0.08749443292617798,
    0.08005945384502411,
    0.21946994960308075,
    0.23651176691055298,
    0.24993005394935608,
    0.25978195667266846,
    0.22439128160476685,
    0.26700839400291443,
    0.3067011833190918,
    0.23103739321231842,
    0.26912999153137207,
    0.25623440742492676,
    0.2369154840707779,
    0.2303580641746521,
    0.2838522791862488,
    0.2931026220321655,
    0.23505544662475586,
    0.2638906240463257,
    0.2746078372001648,
    0.22923219203948975,
    0.2825655937194824,
    0.21778959035873413,
    0.18442967534065247,
    0.23761263489723206,
    0.24307100474834442,
    0.20423772931098938,
    -0.0507904551923275,
    0.267636775970459,
    0.22311559319496155,
    0.20504242181777954,
    0.22892898321151733,
    0.24738138914108276,
    0.24758681654930115,
    0.22570748627185822,
    0.2396129071712494,
    0.21576395630836487,
    0.2464209347963333,
    0.25592243671417236,
    0.2106189727783203,
    0.22460004687309265,
    0.20242565870285034,
    0.2510335147380829,
    0.21723255515098572,
    0.1812342256307602,
    0.20806235074996948,
    0.22329050302505493,
    0.2152319997549057,
    0.2605808675289154,
    0.2310086041688919
  ]
}