{
  "mean_pcc": 0.20827947556972504,
  "per_gene_pcc": [
    -0.43055176734924316,
    0.17950774729251862,
    0.2195752114057541,
    0.28163912892341614,
    0.21440389752388,
    0.20977474749088287,
    0.2509414851665497,
    0.28091832995414734,
    0.28810784220695496,
    0.23300409317016602,
    -0.29382115602493286,
    0.19342951476573944,
    -0.27975723147392273,
    0.2708463668823242,
    0.23414263129234314,
    0.29742497205734253,
    0.2605609893798828,
    0.1837962120771408,
    0.2640896141529083,
    0.11087557673454285,
    0.276295930147171,
    0.25705599784851074,
    0.2055012285709381,
    0.27126434445381165,
    0.2832942008972168,
    0.26676443219184875,
    0.26087334752082825,
    0.19201236963272095,
    0.1330903172492981,
    0.05376195162534714,
    0.2379259169101715,
    0.3226945400238037,
    0.2561115622520447,
    0.2537215054035187,
    0.25394415855407715,
    0.26661044359207153,
    0.05948319286108017,
    0.24677425622940063,
    0.2930518388748169,
    0.3195970952510834,
    0.21877112984657288,
    0.24360734224319458,
    0.2505250573158264,
    0.23283538222312927,
    0.22354555130004883,
    0.25103333592414856,
    0.2621956169605255,
    0.2585105299949646,
    -0.06169169396162033,
    0.30289769172668457,
    0.23349663615226746,
    -0.07197757065296173,
    0.0881676971912384,
    0.225081205368042,
    0.22840631008148193,
    0.25323763489723206,
    0.2478736937046051,
    0.22077174484729767,
    0.25433915853500366,
    0.2863151431083679,
    0.229591503739357,
    0.26279306411743164,
    0.24963217973709106,
    0.22182366251945496,
    0.22430670261383057,
    0.28743308782577515,
    0.28407129645347595,
    0.22214385867118835,
    0.2605103552341461,
    0.26760023832321167,
    0.22946865856647491,
    0.2803993821144104,
    0.21174420416355133,
    0.2007320672273636,
    0.23268087208271027,
    0.2344406247138977,
    0.20296528935432434,
    -0.0380091592669487,
    0.26013678312301636,
    0.23227418959140778,
    0.21350401639938354,
    0.23713886737823486,
    0.242905855178833,
    0.2184908390045166,
    0.22800312936306,
    0.21526411175727844,
    0.2092881202697754,
    0.22846418619155884,
    0.26283228397369385,
    0.21687835454940796,
    0.2139158844947815,
    0.21174350380897522,
    0.23376215994358063,
    0.21702487766742706,
    0.17170372605323792,
    0.20527471601963043,
    0.2226213663816452,
    0.2074914276599884,
    0.25745266675949097,
    0.230771005153656
  ]
}