{
  "mean_pcc": 0.01787419096333906,
  "per_gene_pcc": [
    0.12027928233146667,
    -0.16814720630645752,
    0.10790756344795227,
    0.08441701531410217,
    0.1383512169122696,
    -0.10098886489868164,
    0.06242132931947708,
    -0.004066699184477329,
    -0.12796972692012787,
    0.07206310331821442,
    0.1410427689552307,
    0.06739719957113266,
    0.07085515558719635,
    0.1303684413433075,
    -0.002285618335008621,
    0.017120661213994026,
    0.09836755692958832,
    0.07112552225589752,
    0.02763862907886505,
    0.05843254551291466,
    0.10274998843669891,
    0.0008518882095813751,
    0.14524462819099426,
    0.10724277049303055,
    -0.030744604766368866,
    -0.036553189158439636,
    0.03548598289489746,
    0.013757467269897461,
    0.007539069280028343,
    0.09802475571632385,
    -0.0159463994204998,
    0.0,
    0.05082128942012787,
    -0.09805929660797119,
    0.00036259880289435387,
    -0.0006146463565528393,
    -0.02601734548807144,
    0.08793280273675919,
    -0.029189936816692352,
    0.06143314763903618,
    -0.009763202629983425,
    2.488400787115097e-05,
    0.019721420481801033,
    -0.030157893896102905,
    -0.012209364213049412,
    0.05171657353639603,
    -0.005894683301448822,
    0.10653423517942429,
    0.01668384298682213,
    -0.04250261187553406,
    0.008204321376979351,
    0.01098832581192255,
    -0.03477943688631058,
    -0.02254108153283596,
    0.053076911717653275,
    -0.017406389117240906,
    -0.04269908368587494,
    0.07070232927799225,
    -0.021275721490383148,
    0.02177034690976143,
    -0.005707046017050743,
    -0.008102621883153915,
    -0.00357435061596334,
    -0.013090863823890686,
    -0.03612636774778366,
    -0.01744096912443638,
    0.004928966984152794,
    0.03415372967720032,
    -0.011515595950186253,
    0.03701759874820709,
    -0.021407656371593475,
    -0.014060363173484802,
    0.035359177738428116,
    -0.01482883095741272,
    -0.040817588567733765,
    0.01026252843439579,
    0.044938139617443085,
    0.010966425761580467,
    0.078094482421875,
    0.030738241970539093,
    -0.007502186112105846,
    0.043937548995018005,
    0.016739381477236748,
    -0.03856469690799713,
    0.03058101236820221,
    -0.0046403189189732075,
    -0.01875017210841179,
    -0.01856381818652153,
    0.035354480147361755,
    -0.017004776746034622,
    -0.02261461317539215,
    0.038292448967695236,
    -0.021760106086730957,
    0.08755671232938766,
    0.02244580164551735,
    0.011216018348932266,
    0.05747513845562935,
    -0.004909896291792393,
    -0.03377563878893852,
    0.07327517122030258
  ]
}