{
  "mean_pcc": 0.19609341025352478,
  "per_gene_pcc": [
    -0.40583670139312744,
    0.17898115515708923,
    0.22376805543899536,
    0.27088451385498047,
    0.20959514379501343,
    0.2031494379043579,
    0.23682454228401184,
    0.2721370458602905,
    0.2788495421409607,
    0.22914552688598633,
    -0.2775576412677765,
    0.18354623019695282,
    -0.27800679206848145,
    0.26116013526916504,
    0.21600645780563354,
    0.2895311713218689,
    0.25059229135513306,
    0.16718150675296783,
    0.25889909267425537,
    0.11042909324169159,
    0.2657286524772644,
    0.24056528508663177,
    0.19598165154457092,
    0.24849358201026917,
    0.2819310426712036,
    0.23737919330596924,
    0.245590478181839,
    0.16826927661895752,
    0.12364251911640167,
    0.034220919013023376,
    0.2247403860092163,
    0.3055604100227356,
    0.2413310706615448,
    0.239097461104393,
    0.23458360135555267,
    0.24892660975456238,
    0.06859536468982697,
    0.23676663637161255,
    0.2738056480884552,
    0.3053222596645355,
    0.21186432242393494,
    0.22378669679164886,
    0.23557209968566895,
    0.2140846997499466,
    0.2034357190132141,
    0.22879213094711304,
    0.25003835558891296,
    0.2290877401828766,
    -0.06251072138547897,
    0.30152779817581177,
    0.22292166948318481,
    -0.0706484317779541,
    0.069526806473732,
    0.2027093768119812,
    0.21960771083831787,
    0.22712165117263794,
    0.23525193333625793,
    0.2036934196949005,
    0.24687422811985016,
    0.28060412406921387,
    0.21797126531600952,
    0.2534768581390381,
    0.237920880317688,
    0.21316052973270416,
    0.2154906690120697,
    0.2664300799369812,
    0.2691037058830261,
    0.2147771567106247,
    0.24295568466186523,
    0.25525450706481934,
    0.21277153491973877,
    0.2644847631454468,
    0.19507139921188354,
    0.17694664001464844,
    0.21648183465003967,
    0.2248089760541916,
    0.1905863881111145,
    -0.046090900897979736,
    0.2501191198825836,
    0.21308067440986633,
    0.19299790263175964,
    0.21485131978988647,
    0.23131775856018066,
    0.22229565680027008,
    0.21005359292030334,
    0.21033281087875366,
    0.1947048455476761,
    0.22375717759132385,
    0.24050886929035187,
    0.19873788952827454,
    0.1992754340171814,
    0.19150087237358093,
    0.22254621982574463,
    0.19846799969673157,
    0.1537332385778427,
    0.19007040560245514,
    0.20404422283172607,
    0.18999579548835754,
    0.2490939497947693,
    0.213100403547287
  ]
}