{
  "mean_pcc": 0.21996711194515228,
  "per_gene_pcc": [
    -0.4194187521934509,
    0.18427646160125732,
    0.22293928265571594,
    0.28190478682518005,
    0.21779152750968933,
    0.2017432451248169,
    0.2611694633960724,
    0.27512088418006897,
    0.28425145149230957,
    0.23646220564842224,
    -0.2736765444278717,
    0.20266839861869812,
    -0.28023791313171387,
    0.27374404668807983,
    0.2313479483127594,
    0.3005000948905945,
    0.27635863423347473,
    0.18183457851409912,
    0.2884235978126526,
    0.10544223338365555,
    0.2905328869819641,
    0.27450665831565857,
    0.22243739664554596,
    0.2753543555736542,
    0.3044692277908325,
    0.2809689939022064,
    0.2815578877925873,
    0.2042006552219391,
    0.1421341598033905,
    0.04367688670754433,
    0.26022452116012573,
    0.3389107584953308,
    0.2764372229576111,
    0.2768516540527344,
    0.2681458592414856,
    0.2830286920070648,
    0.04554331302642822,
    0.2628110945224762,
    0.3163968324661255,
    0.33612385392189026,
    0.2303726077079773,
    0.26107388734817505,
    0.27255409955978394,
    0.2503870725631714,
    0.237859845161438,
    0.2641757130622864,
    0.2811341881752014,
    0.2717288136482239,
    -0.057585135102272034,
    0.30883121490478516,
    0.24090130627155304,
    -0.05979006737470627,
    0.09290671348571777,
    0.23530010879039764,
    0.23864373564720154,
    0.25146350264549255,
    0.2660507261753082,
    0.2328880876302719,
    0.2709413766860962,
    0.3101266324520111,
    0.23987554013729095,
    0.2654625177383423,
    0.268926739692688,
    0.23005306720733643,
    0.24022716283798218,
    0.3116721510887146,
    0.30645787715911865,
    0.23324573040008545,
    0.2765520513057709,
    0.28565290570259094,
    0.2505701184272766,
    0.2943495512008667,
    0.20943132042884827,
    0.20934009552001953,
    0.24860167503356934,
    0.25343775749206543,
    0.21165558695793152,
    -0.03330503776669502,
    0.2753390073776245,
    0.24392512440681458,
    0.226118266582489,
    0.2543843984603882,
    0.25936198234558105,
    0.2397473305463791,
    0.25202852487564087,
    0.23191726207733154,
    0.2237296998500824,
    0.24433837831020355,
    0.2724880874156952,
    0.2297167330980301,
    0.22460851073265076,
    0.22116798162460327,
    0.2525908350944519,
    0.24148371815681458,
    0.17871245741844177,
    0.21821919083595276,
    0.23792099952697754,
    0.2165616750717163,
    0.2650368809700012,
    0.24818438291549683
  ]
}